[
  {
    "type": "colordef",
    "BLACK": [ 0, 0, 0 ],
    "RED": [ 130, 10, 10 ],
    "GREEN": [ 0, 110, 0 ],
    "BROWN": [ 92, 51, 23 ],
    "BLUE": [ 30, 80, 240 ],
    "MAGENTA": [ 145, 40, 220 ],
    "CYAN": [ 0, 150, 115 ],
    "GRAY": [ 120, 120, 120 ],
    "DGRAY": [ 60, 60, 60 ],
    "LRED": [ 195, 45, 50 ],
    "LGREEN": [ 20, 190, 0 ],
    "YELLOW": [ 250, 160, 0 ],
    "LBLUE": [ 90, 160, 255 ],
    "LMAGENTA": [ 215, 55, 150 ],
    "LCYAN": [ 0, 200, 170 ],
    "WHITE": [ 220, 220, 220 ]
  }
]
